student_id,first_name,last_name,birth_date,city,email,enrollment_year
100001,Sara,Rossi,2007-05-08,Torino,sara.rossi1@example.com,2022
100002,Sara,Lombardi,1997-10-14,Padova,sara.lombardi2@example.com,2021
100003,Giulia,Ricci,1999-09-20,Vicenza,giulia.ricci3@example.com,2025
100004,Andrea,Lombardi,2002-04-15,Brescia,andrea.lombardi4@example.com,2023
100005,Luca,Colombo,2007-07-11,Firenze,luca.colombo5@example.com,2022
100006,Andrea,Gallo,1997-02-13,Venezia,andrea.gallo6@example.com,2023
100007,Martina,Fontana,2000-01-24,Trieste,martina.fontana7@example.com,2025
100008,Sara,De Luca,1997-09-10,Perugia,sara.de luca8@example.com,2023
100009,Tommaso,Ricci,2007-02-02,Torino,tommaso.ricci9@example.com,2023
100010,Giulia,Marino,1997-07-09,Trieste,giulia.marino10@example.com,2026
100011,Martina,Colombo,2001-06-07,Firenze,martina.colombo11@example.com,2026
100012,Giulia,Fontana,2006-03-18,Torino,giulia.fontana12@example.com,2022
100013,Riccardo,De Luca,2000-11-23,Parma,riccardo.de luca13@example.com,2022
100014,Simone,Bianchi,1999-01-26,Napoli,simone.bianchi14@example.com,2024
100015,Davide,Ferrari,1999-10-23,Napoli,davide.ferrari15@example.com,2022
100016,Alice,De Luca,2006-08-05,Firenze,alice.de luca16@example.com,2022
100017,Elena,Lombardi,2004-05-24,Brescia,elena.lombardi17@example.com,2024
100018,Tommaso,De Luca,2001-04-05,Pisa,tommaso.de luca18@example.com,2024
100019,Giulia,Bianchi,1997-03-21,Bologna,giulia.bianchi19@example.com,2026
100020,Federica,Fontana,1997-07-13,Perugia,federica.fontana20@example.com,2024
100021,Gabriele,Greco,2004-01-22,Venezia,gabriele.greco21@example.com,2026
100022,Sofia,Greco,2006-06-04,Roma,sofia.greco22@example.com,2024
100023,Francesca,Costa,1996-12-24,Firenze,francesca.costa23@example.com,2025
100024,Francesca,Rizzo,1997-11-10,Pisa,francesca.rizzo24@example.com,2025
100025,Andrea,Romano,2001-03-18,Pisa,andrea.romano25@example.com,2021
100026,Valentina,Gallo,2003-01-04,Bari,valentina.gallo26@example.com,2023
100027,Elena,Bianchi,1999-10-03,Verona,elena.bianchi27@example.com,2026
100028,Alice,Ferrari,2004-03-05,Trento,alice.ferrari28@example.com,2025
100029,Francesca,Greco,2004-10-14,Milano,francesca.greco29@example.com,2025
100030,Andrea,Bruno,2002-11-21,Bari,andrea.bruno30@example.com,2024
100031,Gabriele,Costa,1997-04-08,Verona,gabriele.costa31@example.com,2023
100032,Luca,Barbieri,2004-04-19,Torino,luca.barbieri32@example.com,2021
100033,Giulia,Bianchi,1999-02-02,Napoli,giulia.bianchi33@example.com,2021
100034,Gabriele,Marino,2000-11-16,Milano,gabriele.marino34@example.com,2025
100035,Matteo,Barbieri,2005-08-08,Trento,matteo.barbieri35@example.com,2024
100036,Andrea,Esposito,1997-11-14,Bari,andrea.esposito36@example.com,2024
100037,Federica,Costa,2007-01-22,Venezia,federica.costa37@example.com,2021
100038,Alessio,Gallo,1997-04-07,Milano,alessio.gallo38@example.com,2025
100039,Riccardo,Romano,2002-03-09,Trieste,riccardo.romano39@example.com,2022
100040,Giulia,Costa,2004-02-02,Parma,giulia.costa40@example.com,2021
100041,Giulia,Marino,1998-07-16,Trento,giulia.marino41@example.com,2022
100042,Alessio,Bianchi,1998-07-01,Catania,alessio.bianchi42@example.com,2023
100043,Riccardo,Bruno,2002-12-24,Parma,riccardo.bruno43@example.com,2026
100044,Alice,Romano,1999-05-07,Padova,alice.romano44@example.com,2025
100045,Sofia,Bianchi,2007-06-02,Padova,sofia.bianchi45@example.com,2025
100046,Alice,Rizzo,2004-03-02,Pisa,alice.rizzo46@example.com,2021
100047,Francesca,Ferrari,2005-02-22,Torino,francesca.ferrari47@example.com,2024
100048,Sara,Barbieri,1999-10-20,Padova,sara.barbieri48@example.com,2025
100049,Giulia,Mancini,2006-10-19,Pisa,giulia.mancini49@example.com,2023
100050,Davide,Ricci,2006-12-11,Torino,davide.ricci50@example.com,2023
100051,Alessio,Romano,2006-11-10,Trieste,alessio.romano51@example.com,2023
100052,Giulia,Rossi,2003-10-19,Venezia,giulia.rossi52@example.com,2021
100053,Sofia,Ricci,2004-05-05,Bari,sofia.ricci53@example.com,2021
100054,Elena,Conti,2000-03-15,Parma,elena.conti54@example.com,2026
100055,Chiara,Fontana,2006-09-01,Parma,chiara.fontana55@example.com,2023
100056,Sara,Romano,2000-02-04,Parma,sara.romano56@example.com,2022
100057,Davide,Bruno,2005-04-23,Napoli,davide.bruno57@example.com,2022
100058,Davide,Rizzo,2003-05-28,Padova,davide.rizzo58@example.com,2021
100059,Federica,Greco,1996-01-11,Treviso,federica.greco59@example.com,2026
100060,Davide,Colombo,2007-08-18,Genova,davide.colombo60@example.com,2025
100061,Luca,Esposito,1997-12-05,Parma,luca.esposito61@example.com,2021
100062,Martina,Barbieri,2004-03-14,Treviso,martina.barbieri62@example.com,2021
100063,Chiara,Conti,1996-06-07,Torino,chiara.conti63@example.com,2026
100064,Sara,Conti,2004-07-20,Treviso,sara.conti64@example.com,2022
100065,Francesca,Colombo,2002-01-06,Napoli,francesca.colombo65@example.com,2024
100066,Elena,Greco,1998-12-04,Catania,elena.greco66@example.com,2021
100067,Alice,Marino,1999-08-12,Roma,alice.marino67@example.com,2022
100068,Elena,Rossi,2006-04-13,Napoli,elena.rossi68@example.com,2023
100069,Giulia,Greco,2001-11-17,Catania,giulia.greco69@example.com,2026
100070,Sofia,Gallo,1996-02-09,Bologna,sofia.gallo70@example.com,2025
100071,Davide,Bianchi,1997-10-14,Bari,davide.bianchi71@example.com,2026
100072,Simone,Mancini,2005-09-04,Catania,simone.mancini72@example.com,2025
100073,Andrea,Greco,1996-12-14,Vicenza,andrea.greco73@example.com,2025
100074,Sofia,Ricci,2001-07-03,Napoli,sofia.ricci74@example.com,2025
100075,Simone,Esposito,2007-05-17,Roma,simone.esposito75@example.com,2026
100076,Federica,Gallo,2002-12-10,Parma,federica.gallo76@example.com,2022
100077,Andrea,Mancini,2006-07-22,Bologna,andrea.mancini77@example.com,2025
100078,Tommaso,Bruno,2002-09-27,Vicenza,tommaso.bruno78@example.com,2023
100079,Chiara,Ricci,2002-10-20,Napoli,chiara.ricci79@example.com,2024
100080,Riccardo,Costa,2006-04-17,Trento,riccardo.costa80@example.com,2026
100081,Francesca,Ferrari,2000-09-22,Perugia,francesca.ferrari81@example.com,2023
100082,Giulia,Marino,2006-05-08,Milano,giulia.marino82@example.com,2022
100083,Luca,Bianchi,1999-08-20,Verona,luca.bianchi83@example.com,2024
100084,Federica,Barbieri,1999-12-23,Catania,federica.barbieri84@example.com,2024
100085,Alessio,Marino,1998-11-23,Vicenza,alessio.marino85@example.com,2021
100086,Federica,Marino,1998-12-17,Trieste,federica.marino86@example.com,2021
100087,Sofia,Marino,1997-08-05,Trieste,sofia.marino87@example.com,2026
100088,Gabriele,Lombardi,2005-06-25,Trieste,gabriele.lombardi88@example.com,2025
100089,Gabriele,Mancini,2004-08-06,Trento,gabriele.mancini89@example.com,2024
100090,Davide,Marino,2006-05-25,Pisa,davide.marino90@example.com,2024
100091,Elena,Greco,2003-02-23,Roma,elena.greco91@example.com,2022
100092,Davide,Gallo,2001-09-03,Treviso,davide.gallo92@example.com,2022
100093,Elena,De Luca,2007-03-23,Milano,elena.de luca93@example.com,2021
100094,Federica,Mancini,2001-09-15,Genova,federica.mancini94@example.com,2021
100095,Andrea,Mancini,2002-10-23,Vicenza,andrea.mancini95@example.com,2025
100096,Alessio,Giordano,1996-06-10,Catania,alessio.giordano96@example.com,2024
100097,Sofia,Lombardi,2005-04-16,Torino,sofia.lombardi97@example.com,2023
100098,Federica,Giordano,1996-07-11,Catania,federica.giordano98@example.com,2026
100099,Francesca,Costa,1998-10-18,Vicenza,francesca.costa99@example.com,2024
100100,Tommaso,Barbieri,2006-01-03,Genova,tommaso.barbieri100@example.com,2022
100101,Riccardo,Colombo,1996-05-13,Napoli,riccardo.colombo101@example.com,2022
100102,Riccardo,Gallo,2001-07-09,Genova,riccardo.gallo102@example.com,2023
100103,Giulia,Giordano,1996-12-18,Padova,giulia.giordano103@example.com,2023
100104,Elena,Ferrari,2006-01-25,Vicenza,elena.ferrari104@example.com,2022
100105,Andrea,Rossi,2005-03-08,Treviso,andrea.rossi105@example.com,2024
100106,Sara,Barbieri,1999-08-23,Firenze,sara.barbieri106@example.com,2023
100107,Francesca,Fontana,2005-12-23,Venezia,francesca.fontana107@example.com,2022
100108,Chiara,Esposito,2005-01-10,Brescia,chiara.esposito108@example.com,2026
100109,Alessio,De Luca,2007-04-03,Brescia,alessio.de luca109@example.com,2026
100110,Elena,Esposito,2007-05-28,Perugia,elena.esposito110@example.com,2021
100111,Tommaso,Bianchi,2001-09-14,Bari,tommaso.bianchi111@example.com,2021
100112,Gabriele,Gallo,1996-07-27,Trento,gabriele.gallo112@example.com,2021
100113,Federica,Conti,2006-08-23,Treviso,federica.conti113@example.com,2024
100114,Francesca,Rizzo,2006-05-20,Parma,francesca.rizzo114@example.com,2024
100115,Riccardo,Mancini,2007-10-09,Napoli,riccardo.mancini115@example.com,2022
100116,Giulia,Greco,2003-04-25,Trieste,giulia.greco116@example.com,2025
100117,Valentina,De Luca,2001-01-16,Napoli,valentina.de luca117@example.com,2022
100118,Alice,Ricci,2001-05-11,Firenze,alice.ricci118@example.com,2025
100119,Davide,Lombardi,1996-09-07,Verona,davide.lombardi119@example.com,2022
100120,Federica,Giordano,2004-04-23,Trento,federica.giordano120@example.com,2026
100121,Alice,Costa,1996-02-10,Torino,alice.costa121@example.com,2024
100122,Elena,Bruno,2006-10-12,Trento,elena.bruno122@example.com,2025
100123,Gabriele,Conti,2002-12-18,Napoli,gabriele.conti123@example.com,2023
100124,Riccardo,Greco,2000-05-08,Venezia,riccardo.greco124@example.com,2026
100125,Andrea,Gallo,1997-12-18,Bologna,andrea.gallo125@example.com,2022
100126,Andrea,Giordano,2000-12-19,Pisa,andrea.giordano126@example.com,2025
100127,Chiara,Esposito,1999-05-08,Bari,chiara.esposito127@example.com,2022
100128,Chiara,Rossi,2007-09-05,Firenze,chiara.rossi128@example.com,2021
100129,Marco,Lombardi,2000-12-05,Trento,marco.lombardi129@example.com,2021
100130,Luca,Barbieri,2000-08-16,Trieste,luca.barbieri130@example.com,2023
100131,Francesca,Bianchi,2000-08-04,Verona,francesca.bianchi131@example.com,2024
100132,Alice,Ferrari,2005-11-22,Padova,alice.ferrari132@example.com,2022
100133,Matteo,Barbieri,2000-02-08,Venezia,matteo.barbieri133@example.com,2025
100134,Federica,Fontana,2005-10-08,Pisa,federica.fontana134@example.com,2024
100135,Riccardo,Costa,2000-10-14,Roma,riccardo.costa135@example.com,2025
100136,Valentina,Bianchi,2005-12-04,Milano,valentina.bianchi136@example.com,2026
100137,Andrea,Greco,2006-02-06,Torino,andrea.greco137@example.com,2022
100138,Sofia,Ferrari,1998-01-14,Trieste,sofia.ferrari138@example.com,2026
100139,Valentina,Giordano,2000-01-08,Roma,valentina.giordano139@example.com,2026
100140,Chiara,Costa,1997-11-08,Firenze,chiara.costa140@example.com,2026
100141,Tommaso,Ricci,2002-02-18,Torino,tommaso.ricci141@example.com,2026
100142,Matteo,Greco,1998-02-02,Bologna,matteo.greco142@example.com,2023
100143,Valentina,Barbieri,2000-08-04,Trieste,valentina.barbieri143@example.com,2026
100144,Chiara,De Luca,2000-09-18,Trento,chiara.de luca144@example.com,2024
100145,Giulia,Fontana,1996-07-24,Napoli,giulia.fontana145@example.com,2025
100146,Davide,Rossi,1997-04-22,Brescia,davide.rossi146@example.com,2025
100147,Luca,Greco,2005-01-25,Bologna,luca.greco147@example.com,2024
100148,Gabriele,Costa,2000-03-19,Genova,gabriele.costa148@example.com,2026
100149,Alice,Ferrari,2003-06-14,Napoli,alice.ferrari149@example.com,2023
100150,Sara,Colombo,2001-07-23,Trento,sara.colombo150@example.com,2023
100151,Alessio,Lombardi,1996-08-03,Napoli,alessio.lombardi151@example.com,2023
100152,Simone,Esposito,2002-09-27,Vicenza,simone.esposito152@example.com,2026
100153,Sofia,Costa,2002-01-07,Pisa,sofia.costa153@example.com,2023
100154,Valentina,Giordano,2006-08-25,Padova,valentina.giordano154@example.com,2022
100155,Davide,Lombardi,1998-05-15,Trento,davide.lombardi155@example.com,2021
100156,Luca,Fontana,1999-12-06,Roma,luca.fontana156@example.com,2025
100157,Luca,Lombardi,2002-02-08,Venezia,luca.lombardi157@example.com,2024
100158,Sara,Romano,2003-12-10,Pisa,sara.romano158@example.com,2026
100159,Davide,Mancini,2003-08-08,Trieste,davide.mancini159@example.com,2025
100160,Matteo,De Luca,1999-10-17,Treviso,matteo.de luca160@example.com,2021
100161,Davide,Mancini,2001-09-09,Vicenza,davide.mancini161@example.com,2023
100162,Chiara,Barbieri,2005-11-16,Treviso,chiara.barbieri162@example.com,2024
100163,Sofia,Giordano,2001-06-18,Parma,sofia.giordano163@example.com,2024
100164,Riccardo,Gallo,1999-12-08,Brescia,riccardo.gallo164@example.com,2024
100165,Elena,Mancini,1996-06-24,Trento,elena.mancini165@example.com,2026
100166,Alessio,De Luca,2006-11-05,Trento,alessio.de luca166@example.com,2021
100167,Matteo,Rizzo,2005-06-28,Venezia,matteo.rizzo167@example.com,2024
100168,Sara,Rizzo,2003-01-24,Treviso,sara.rizzo168@example.com,2024
100169,Matteo,Ferrari,2003-05-11,Perugia,matteo.ferrari169@example.com,2026
100170,Alessio,Ferrari,2001-11-28,Parma,alessio.ferrari170@example.com,2024
100171,Simone,Giordano,2004-01-20,Verona,simone.giordano171@example.com,2022
100172,Chiara,Marino,2007-02-14,Venezia,chiara.marino172@example.com,2026
100173,Sara,Costa,1998-12-10,Vicenza,sara.costa173@example.com,2021
100174,Simone,Bianchi,2000-06-12,Genova,simone.bianchi174@example.com,2022
100175,Elena,Rizzo,2002-10-22,Bologna,elena.rizzo175@example.com,2022
100176,Francesca,Ferrari,2005-07-20,Torino,francesca.ferrari176@example.com,2024
100177,Tommaso,Romano,1999-08-21,Firenze,tommaso.romano177@example.com,2024
100178,Davide,Rossi,2003-05-22,Parma,davide.rossi178@example.com,2022
100179,Giulia,Costa,2001-10-10,Genova,giulia.costa179@example.com,2026
100180,Davide,Costa,2000-04-13,Trento,davide.costa180@example.com,2021
100181,Elena,De Luca,2005-06-19,Roma,elena.de luca181@example.com,2026
100182,Chiara,Rossi,2006-07-09,Vicenza,chiara.rossi182@example.com,2025
100183,Marco,Fontana,2007-08-27,Roma,marco.fontana183@example.com,2022
100184,Valentina,Conti,1999-11-07,Perugia,valentina.conti184@example.com,2023
100185,Matteo,Esposito,2006-11-02,Roma,matteo.esposito185@example.com,2024
100186,Marco,Barbieri,2001-12-05,Verona,marco.barbieri186@example.com,2023
100187,Simone,Mancini,1998-04-05,Parma,simone.mancini187@example.com,2023
100188,Gabriele,Rizzo,2000-03-09,Trento,gabriele.rizzo188@example.com,2023
100189,Simone,Esposito,2003-02-05,Torino,simone.esposito189@example.com,2026
100190,Alessio,Lombardi,2001-02-26,Catania,alessio.lombardi190@example.com,2021
100191,Davide,Lombardi,1997-08-12,Firenze,davide.lombardi191@example.com,2025
100192,Alessio,Conti,1997-11-08,Trento,alessio.conti192@example.com,2021
100193,Valentina,Lombardi,2001-10-08,Verona,valentina.lombardi193@example.com,2026
100194,Riccardo,Bruno,2006-07-04,Treviso,riccardo.bruno194@example.com,2021
100195,Marco,Bruno,2003-02-04,Torino,marco.bruno195@example.com,2025
100196,Matteo,De Luca,2003-06-22,Parma,matteo.de luca196@example.com,2024
100197,Tommaso,Romano,2002-11-04,Trento,tommaso.romano197@example.com,2025
100198,Federica,Greco,1996-12-12,Milano,federica.greco198@example.com,2024
100199,Riccardo,Marino,2001-02-22,Bari,riccardo.marino199@example.com,2025
100200,Martina,Bianchi,2002-05-07,Venezia,martina.bianchi200@example.com,2024
100201,Giulia,Ricci,2006-11-20,Vicenza,giulia.ricci201@example.com,2021
100202,Simone,Marino,1998-10-07,Verona,simone.marino202@example.com,2025
100203,Andrea,Barbieri,1999-04-11,Treviso,andrea.barbieri203@example.com,2025
100204,Luca,Greco,1998-03-18,Firenze,luca.greco204@example.com,2022
100205,Sara,Rossi,1998-01-12,Torino,sara.rossi205@example.com,2025
100206,Simone,Rossi,1998-05-02,Treviso,simone.rossi206@example.com,2026
100207,Federica,Rizzo,1997-12-03,Trento,federica.rizzo207@example.com,2024
100208,Martina,Rizzo,2005-02-15,Pisa,martina.rizzo208@example.com,2022
100209,Valentina,Bianchi,2007-11-17,Roma,valentina.bianchi209@example.com,2024
100210,Luca,Bianchi,2003-07-14,Venezia,luca.bianchi210@example.com,2024
100211,Riccardo,Ferrari,1997-06-20,Treviso,riccardo.ferrari211@example.com,2021
100212,Matteo,Greco,2005-11-19,Parma,matteo.greco212@example.com,2026
100213,Simone,De Luca,2005-09-10,Trieste,simone.de luca213@example.com,2025
100214,Valentina,Mancini,1997-12-04,Parma,valentina.mancini214@example.com,2026
100215,Andrea,Mancini,2003-04-14,Napoli,andrea.mancini215@example.com,2024
100216,Alessio,Mancini,2007-02-11,Genova,alessio.mancini216@example.com,2023
100217,Davide,Conti,1998-11-16,Verona,davide.conti217@example.com,2021
100218,Giulia,Ferrari,2002-02-24,Bari,giulia.ferrari218@example.com,2022
100219,Sofia,Bianchi,2005-09-18,Napoli,sofia.bianchi219@example.com,2026
100220,Sara,Mancini,2001-11-25,Genova,sara.mancini220@example.com,2026
100221,Marco,Bruno,2005-05-12,Venezia,marco.bruno221@example.com,2025
100222,Gabriele,Ricci,1998-11-16,Torino,gabriele.ricci222@example.com,2021
100223,Martina,Lombardi,2001-02-25,Firenze,martina.lombardi223@example.com,2025
100224,Elena,Mancini,2004-10-20,Parma,elena.mancini224@example.com,2021
100225,Valentina,Greco,1996-03-09,Roma,valentina.greco225@example.com,2023
100226,Martina,Rossi,1998-03-19,Catania,martina.rossi226@example.com,2021
100227,Matteo,Rossi,1997-12-17,Milano,matteo.rossi227@example.com,2024
100228,Federica,Costa,2001-03-12,Roma,federica.costa228@example.com,2026
100229,Simone,Barbieri,2005-02-02,Treviso,simone.barbieri229@example.com,2022
100230,Valentina,Bianchi,2006-02-09,Trieste,valentina.bianchi230@example.com,2026
100231,Federica,Giordano,2005-08-14,Firenze,federica.giordano231@example.com,2022
100232,Gabriele,Esposito,2001-07-04,Roma,gabriele.esposito232@example.com,2026
100233,Tommaso,Giordano,2004-11-10,Padova,tommaso.giordano233@example.com,2022
100234,Alessio,Fontana,1996-01-07,Roma,alessio.fontana234@example.com,2022
100235,Matteo,Greco,2000-06-04,Vicenza,matteo.greco235@example.com,2024
100236,Federica,Colombo,1998-07-18,Torino,federica.colombo236@example.com,2025
100237,Sofia,Conti,1997-07-28,Padova,sofia.conti237@example.com,2024
100238,Luca,Costa,1997-06-19,Genova,luca.costa238@example.com,2025
100239,Alessio,Mancini,2000-02-13,Vicenza,alessio.mancini239@example.com,2023
100240,Francesca,Fontana,2003-12-12,Verona,francesca.fontana240@example.com,2024
100241,Sara,Marino,2002-10-13,Pisa,sara.marino241@example.com,2021
100242,Alessio,Bruno,2007-06-08,Napoli,alessio.bruno242@example.com,2022
100243,Giulia,Rizzo,2006-02-17,Pisa,giulia.rizzo243@example.com,2022
100244,Martina,Conti,2007-11-27,Treviso,martina.conti244@example.com,2022
100245,Sara,Romano,2000-04-06,Perugia,sara.romano245@example.com,2022
100246,Giulia,Colombo,2006-08-15,Brescia,giulia.colombo246@example.com,2025
100247,Riccardo,Barbieri,2006-11-20,Napoli,riccardo.barbieri247@example.com,2026
100248,Simone,Romano,2003-02-16,Trieste,simone.romano248@example.com,2026
100249,Chiara,Greco,2005-01-12,Pisa,chiara.greco249@example.com,2021
100250,Chiara,Costa,2003-01-02,Bari,chiara.costa250@example.com,2023
100251,Giulia,Ferrari,2005-10-17,Catania,giulia.ferrari251@example.com,2024
100252,Tommaso,Lombardi,2007-01-15,Brescia,tommaso.lombardi252@example.com,2026
100253,Andrea,Gallo,2005-08-17,Treviso,andrea.gallo253@example.com,2021
100254,Riccardo,Esposito,2001-12-03,Pisa,riccardo.esposito254@example.com,2026
100255,Francesca,Bianchi,1999-12-15,Trieste,francesca.bianchi255@example.com,2025
100256,Gabriele,Fontana,1998-06-12,Roma,gabriele.fontana256@example.com,2024
100257,Federica,Gallo,2006-10-02,Napoli,federica.gallo257@example.com,2021
100258,Simone,Esposito,2004-11-13,Roma,simone.esposito258@example.com,2023
100259,Valentina,Romano,2001-02-19,Treviso,valentina.romano259@example.com,2023
100260,Chiara,De Luca,1998-10-23,Verona,chiara.de luca260@example.com,2023
100261,Sofia,De Luca,2006-06-27,Treviso,sofia.de luca261@example.com,2026
100262,Gabriele,Ferrari,2006-11-14,Pisa,gabriele.ferrari262@example.com,2023
100263,Luca,Conti,2000-03-07,Napoli,luca.conti263@example.com,2024
100264,Andrea,Marino,1998-03-03,Roma,andrea.marino264@example.com,2021
100265,Gabriele,Lombardi,2007-09-02,Napoli,gabriele.lombardi265@example.com,2025
100266,Matteo,Fontana,2002-03-06,Bologna,matteo.fontana266@example.com,2026
100267,Valentina,Colombo,2007-08-02,Genova,valentina.colombo267@example.com,2023
100268,Elena,Costa,2005-05-25,Trieste,elena.costa268@example.com,2022
100269,Sofia,Marino,2000-08-27,Milano,sofia.marino269@example.com,2023
100270,Tommaso,Costa,2003-05-25,Catania,tommaso.costa270@example.com,2025
100271,Gabriele,Mancini,1998-04-26,Perugia,gabriele.mancini271@example.com,2022
100272,Davide,Bianchi,2006-08-28,Bari,davide.bianchi272@example.com,2025
100273,Sara,Rizzo,1997-05-03,Bologna,sara.rizzo273@example.com,2023
100274,Riccardo,Rizzo,1998-07-03,Torino,riccardo.rizzo274@example.com,2024
100275,Martina,Rossi,2002-01-13,Pisa,martina.rossi275@example.com,2023
100276,Elena,De Luca,1997-06-08,Vicenza,elena.de luca276@example.com,2023
100277,Sara,Gallo,1998-03-02,Roma,sara.gallo277@example.com,2024
100278,Matteo,Giordano,2003-10-01,Verona,matteo.giordano278@example.com,2021
100279,Davide,Ricci,1998-09-24,Perugia,davide.ricci279@example.com,2025
100280,Federica,Esposito,2000-04-10,Venezia,federica.esposito280@example.com,2021
100281,Elena,Mancini,2006-10-15,Verona,elena.mancini281@example.com,2021
100282,Alice,Fontana,2004-01-21,Pisa,alice.fontana282@example.com,2025
100283,Elena,Romano,2000-07-01,Perugia,elena.romano283@example.com,2023
100284,Elena,Barbieri,2002-03-22,Verona,elena.barbieri284@example.com,2025
100285,Martina,Ferrari,2004-09-17,Pisa,martina.ferrari285@example.com,2025
100286,Luca,De Luca,2003-01-21,Catania,luca.de luca286@example.com,2023
100287,Davide,Rossi,2001-02-12,Torino,davide.rossi287@example.com,2026
100288,Sara,Barbieri,2007-06-05,Padova,sara.barbieri288@example.com,2023
100289,Sofia,Gallo,2006-03-27,Trieste,sofia.gallo289@example.com,2026
100290,Alice,Colombo,1998-02-23,Trieste,alice.colombo290@example.com,2021
100291,Chiara,Ricci,1996-04-02,Napoli,chiara.ricci291@example.com,2023
100292,Gabriele,De Luca,2004-08-09,Padova,gabriele.de luca292@example.com,2026
100293,Andrea,Bruno,2001-01-28,Napoli,andrea.bruno293@example.com,2023
100294,Sara,Conti,2002-07-24,Trieste,sara.conti294@example.com,2024
100295,Simone,Colombo,2003-12-16,Bari,simone.colombo295@example.com,2025
100296,Davide,Ferrari,2007-07-03,Genova,davide.ferrari296@example.com,2025
100297,Francesca,Lombardi,2000-06-04,Verona,francesca.lombardi297@example.com,2023
100298,Chiara,Bruno,2003-10-23,Genova,chiara.bruno298@example.com,2022
100299,Riccardo,Conti,2003-01-24,Bari,riccardo.conti299@example.com,2025
100300,Federica,Greco,2006-01-03,Catania,federica.greco300@example.com,2023
100301,Gabriele,Colombo,1996-03-28,Perugia,gabriele.colombo301@example.com,2026
100302,Riccardo,Bianchi,1998-02-08,Bari,riccardo.bianchi302@example.com,2023
100303,Alessio,Barbieri,1996-10-05,Trieste,alessio.barbieri303@example.com,2023
100304,Martina,Costa,1997-10-05,Pisa,martina.costa304@example.com,2023
100305,Alessio,Gallo,2006-05-08,Venezia,alessio.gallo305@example.com,2021
100306,Francesca,Giordano,2004-07-18,Venezia,francesca.giordano306@example.com,2023
100307,Davide,Costa,1999-10-10,Trento,davide.costa307@example.com,2022
100308,Sara,Romano,1997-08-06,Trieste,sara.romano308@example.com,2021
100309,Simone,Conti,2007-02-18,Parma,simone.conti309@example.com,2023
100310,Chiara,Colombo,2007-12-23,Bologna,chiara.colombo310@example.com,2023
100311,Gabriele,Marino,1997-04-26,Treviso,gabriele.marino311@example.com,2022
100312,Alice,Rossi,2001-09-19,Bari,alice.rossi312@example.com,2024
100313,Sofia,Romano,2005-02-03,Roma,sofia.romano313@example.com,2024
100314,Alice,Rizzo,2002-07-27,Brescia,alice.rizzo314@example.com,2021
100315,Matteo,Gallo,2006-02-15,Trieste,matteo.gallo315@example.com,2026
100316,Gabriele,Conti,1998-09-21,Brescia,gabriele.conti316@example.com,2022
100317,Matteo,Mancini,2004-01-27,Venezia,matteo.mancini317@example.com,2025
100318,Matteo,Bruno,1998-03-11,Torino,matteo.bruno318@example.com,2023
100319,Gabriele,Bruno,1997-05-07,Parma,gabriele.bruno319@example.com,2023
100320,Matteo,Bruno,2005-09-03,Pisa,matteo.bruno320@example.com,2026
100321,Francesca,Barbieri,2005-03-06,Perugia,francesca.barbieri321@example.com,2026
100322,Valentina,Gallo,2005-01-27,Vicenza,valentina.gallo322@example.com,2021
100323,Marco,Barbieri,2000-11-07,Brescia,marco.barbieri323@example.com,2024
100324,Valentina,Rossi,2003-11-18,Roma,valentina.rossi324@example.com,2026
100325,Chiara,Giordano,1999-11-13,Roma,chiara.giordano325@example.com,2024
100326,Giulia,Bianchi,1998-08-14,Trento,giulia.bianchi326@example.com,2024
100327,Andrea,Gallo,2005-03-11,Napoli,andrea.gallo327@example.com,2026
100328,Martina,De Luca,1998-06-17,Parma,martina.de luca328@example.com,2021
100329,Simone,Marino,2003-02-09,Trieste,simone.marino329@example.com,2022
100330,Matteo,Esposito,1996-05-13,Perugia,matteo.esposito330@example.com,2024
100331,Elena,Colombo,2001-10-24,Napoli,elena.colombo331@example.com,2022
100332,Francesca,Giordano,2004-08-16,Roma,francesca.giordano332@example.com,2024
100333,Luca,Ferrari,2002-09-15,Torino,luca.ferrari333@example.com,2022
100334,Tommaso,Conti,1996-01-10,Trento,tommaso.conti334@example.com,2025
100335,Alice,Bruno,2004-01-28,Venezia,alice.bruno335@example.com,2024
100336,Matteo,Greco,2007-06-25,Catania,matteo.greco336@example.com,2023
100337,Marco,De Luca,1996-10-18,Milano,marco.de luca337@example.com,2023
100338,Sofia,Bruno,1997-07-17,Trieste,sofia.bruno338@example.com,2025
100339,Davide,Fontana,2006-10-04,Treviso,davide.fontana339@example.com,2021
100340,Alessio,Conti,2001-09-12,Treviso,alessio.conti340@example.com,2022
100341,Valentina,Rizzo,2002-09-02,Padova,valentina.rizzo341@example.com,2021
100342,Matteo,Gallo,2003-09-15,Treviso,matteo.gallo342@example.com,2025
100343,Gabriele,Romano,2001-10-11,Bologna,gabriele.romano343@example.com,2024
100344,Valentina,Bruno,2005-06-17,Pisa,valentina.bruno344@example.com,2025
100345,Alice,Barbieri,2000-08-27,Vicenza,alice.barbieri345@example.com,2023
100346,Simone,Esposito,2002-10-10,Vicenza,simone.esposito346@example.com,2025
100347,Alice,Greco,2006-10-19,Torino,alice.greco347@example.com,2026
100348,Marco,Barbieri,2003-03-17,Perugia,marco.barbieri348@example.com,2024
100349,Matteo,Marino,1996-10-23,Venezia,matteo.marino349@example.com,2022
100350,Luca,Costa,2001-07-05,Genova,luca.costa350@example.com,2026
100351,Andrea,Mancini,2004-10-16,Padova,andrea.mancini351@example.com,2026
100352,Matteo,Rizzo,1999-09-11,Trento,matteo.rizzo352@example.com,2025
100353,Alessio,Gallo,1998-08-18,Napoli,alessio.gallo353@example.com,2025
100354,Martina,Greco,2005-08-07,Torino,martina.greco354@example.com,2023
100355,Sofia,Bruno,1999-05-25,Roma,sofia.bruno355@example.com,2026
100356,Andrea,Giordano,2001-08-12,Parma,andrea.giordano356@example.com,2026
100357,Davide,Bruno,1997-10-22,Parma,davide.bruno357@example.com,2024
100358,Alessio,Conti,1998-05-02,Roma,alessio.conti358@example.com,2026
100359,Giulia,Conti,2003-11-09,Trento,giulia.conti359@example.com,2022
100360,Andrea,Lombardi,2000-09-23,Firenze,andrea.lombardi360@example.com,2022
100361,Sara,Fontana,2007-10-08,Torino,sara.fontana361@example.com,2021
100362,Gabriele,Marino,2006-04-02,Venezia,gabriele.marino362@example.com,2024
100363,Simone,Giordano,1997-11-25,Treviso,simone.giordano363@example.com,2021
100364,Sofia,Colombo,2002-11-16,Trento,sofia.colombo364@example.com,2026
100365,Andrea,Bruno,2001-05-21,Padova,andrea.bruno365@example.com,2021
100366,Tommaso,Marino,2004-12-24,Padova,tommaso.marino366@example.com,2022
100367,Federica,Colombo,1996-07-26,Trento,federica.colombo367@example.com,2022
100368,Chiara,Bianchi,1996-05-19,Perugia,chiara.bianchi368@example.com,2021
100369,Simone,Bruno,2003-11-18,Pisa,simone.bruno369@example.com,2024
100370,Matteo,Rizzo,2003-05-07,Venezia,matteo.rizzo370@example.com,2023
100371,Francesca,Costa,2006-05-23,Bologna,francesca.costa371@example.com,2021
100372,Simone,Bruno,2005-11-25,Milano,simone.bruno372@example.com,2022
100373,Valentina,De Luca,2002-09-11,Verona,valentina.de luca373@example.com,2024
100374,Sara,Colombo,1998-08-11,Torino,sara.colombo374@example.com,2021
100375,Davide,De Luca,1999-08-25,Firenze,davide.de luca375@example.com,2023
100376,Chiara,Barbieri,2007-10-01,Firenze,chiara.barbieri376@example.com,2026
100377,Martina,Marino,1996-11-04,Trieste,martina.marino377@example.com,2023
100378,Francesca,De Luca,2006-09-23,Roma,francesca.de luca378@example.com,2026
100379,Sara,Bruno,2001-10-08,Torino,sara.bruno379@example.com,2022
100380,Alice,Romano,2003-12-20,Bari,alice.romano380@example.com,2024
100381,Sofia,Giordano,2004-11-27,Milano,sofia.giordano381@example.com,2022
100382,Valentina,Ferrari,2004-08-17,Bari,valentina.ferrari382@example.com,2021
100383,Tommaso,Esposito,1996-09-17,Milano,tommaso.esposito383@example.com,2025
100384,Sofia,Romano,1998-06-28,Pisa,sofia.romano384@example.com,2024
100385,Sara,Ricci,2007-10-16,Verona,sara.ricci385@example.com,2025
100386,Riccardo,Bianchi,2003-03-17,Genova,riccardo.bianchi386@example.com,2024
100387,Tommaso,Bianchi,2004-08-22,Roma,tommaso.bianchi387@example.com,2026
100388,Luca,De Luca,2000-01-24,Milano,luca.de luca388@example.com,2025
100389,Giulia,Bianchi,2002-06-23,Verona,giulia.bianchi389@example.com,2025
100390,Marco,Ferrari,2003-01-10,Genova,marco.ferrari390@example.com,2022
100391,Matteo,Mancini,2001-07-15,Catania,matteo.mancini391@example.com,2024
100392,Giulia,Lombardi,1998-11-28,Bari,giulia.lombardi392@example.com,2021
100393,Francesca,Lombardi,2002-09-05,Torino,francesca.lombardi393@example.com,2021
100394,Luca,Bruno,2003-11-24,Parma,luca.bruno394@example.com,2024
100395,Sofia,De Luca,1999-04-15,Bari,sofia.de luca395@example.com,2022
100396,Davide,Ricci,2007-02-02,Genova,davide.ricci396@example.com,2025
100397,Luca,Marino,1999-02-04,Perugia,luca.marino397@example.com,2021
100398,Riccardo,Fontana,2006-12-28,Padova,riccardo.fontana398@example.com,2022
100399,Marco,De Luca,2003-04-18,Milano,marco.de luca399@example.com,2021
100400,Matteo,Rizzo,2000-04-27,Brescia,matteo.rizzo400@example.com,2023
100401,Tommaso,Fontana,2006-06-08,Roma,tommaso.fontana401@example.com,2022
100402,Gabriele,Marino,2002-05-09,Padova,gabriele.marino402@example.com,2025
100403,Tommaso,Colombo,2006-11-14,Parma,tommaso.colombo403@example.com,2024
100404,Marco,Conti,2006-11-13,Pisa,marco.conti404@example.com,2023
100405,Federica,Mancini,1998-05-13,Bologna,federica.mancini405@example.com,2025
100406,Alice,Marino,1999-05-28,Treviso,alice.marino406@example.com,2024
100407,Marco,Lombardi,2002-07-18,Pisa,marco.lombardi407@example.com,2022
100408,Alessio,Marino,2000-04-11,Verona,alessio.marino408@example.com,2024
100409,Martina,Ferrari,2004-12-27,Milano,martina.ferrari409@example.com,2021
100410,Davide,De Luca,2006-10-20,Padova,davide.de luca410@example.com,2021
100411,Andrea,Barbieri,2007-11-18,Milano,andrea.barbieri411@example.com,2024
100412,Andrea,Gallo,2000-01-07,Milano,andrea.gallo412@example.com,2026
100413,Sara,Giordano,1999-12-20,Milano,sara.giordano413@example.com,2024
100414,Elena,Lombardi,2001-05-13,Trieste,elena.lombardi414@example.com,2025
100415,Martina,Bruno,2000-06-17,Trento,martina.bruno415@example.com,2024
100416,Sara,Giordano,2001-04-12,Napoli,sara.giordano416@example.com,2024
100417,Marco,Barbieri,1999-12-05,Vicenza,marco.barbieri417@example.com,2023
100418,Sofia,Barbieri,2005-12-14,Roma,sofia.barbieri418@example.com,2022
100419,Andrea,Gallo,1999-07-19,Torino,andrea.gallo419@example.com,2024
100420,Sofia,Gallo,2000-08-24,Trento,sofia.gallo420@example.com,2024
100421,Francesca,Conti,1998-03-24,Parma,francesca.conti421@example.com,2024
100422,Francesca,Lombardi,2006-01-17,Padova,francesca.lombardi422@example.com,2021
100423,Marco,Rossi,2002-03-27,Torino,marco.rossi423@example.com,2021
100424,Matteo,Rossi,1999-09-15,Bari,matteo.rossi424@example.com,2021
100425,Valentina,Fontana,2003-11-16,Vicenza,valentina.fontana425@example.com,2021
100426,Sofia,Lombardi,2002-01-01,Pisa,sofia.lombardi426@example.com,2026
100427,Davide,Lombardi,2000-01-17,Genova,davide.lombardi427@example.com,2022
100428,Sara,Esposito,2004-03-08,Milano,sara.esposito428@example.com,2025
100429,Gabriele,Greco,2001-05-26,Catania,gabriele.greco429@example.com,2021
100430,Martina,De Luca,2003-10-08,Torino,martina.de luca430@example.com,2023
100431,Giulia,Bianchi,1997-07-13,Catania,giulia.bianchi431@example.com,2025
100432,Alice,Bianchi,2006-01-23,Bologna,alice.bianchi432@example.com,2021
100433,Alice,Mancini,2006-06-19,Venezia,alice.mancini433@example.com,2025
100434,Marco,Marino,1999-12-19,Trento,marco.marino434@example.com,2023
100435,Marco,Ferrari,2006-05-18,Brescia,marco.ferrari435@example.com,2026
100436,Marco,Colombo,2001-01-07,Brescia,marco.colombo436@example.com,2022
100437,Alessio,Ferrari,2000-03-19,Torino,alessio.ferrari437@example.com,2025
100438,Alessio,Lombardi,2001-07-25,Treviso,alessio.lombardi438@example.com,2026
100439,Giulia,Rizzo,2007-06-02,Venezia,giulia.rizzo439@example.com,2024
100440,Elena,Ferrari,2001-10-25,Perugia,elena.ferrari440@example.com,2025
100441,Alessio,Gallo,1996-11-09,Trieste,alessio.gallo441@example.com,2024
100442,Elena,Conti,2004-07-14,Bologna,elena.conti442@example.com,2026
100443,Tommaso,De Luca,1997-10-10,Torino,tommaso.de luca443@example.com,2026
100444,Giulia,Ferrari,2000-03-13,Treviso,giulia.ferrari444@example.com,2026
100445,Alessio,Gallo,2001-02-03,Vicenza,alessio.gallo445@example.com,2023
100446,Riccardo,Conti,2000-02-05,Verona,riccardo.conti446@example.com,2022
100447,Federica,Costa,2004-09-17,Genova,federica.costa447@example.com,2021
100448,Luca,Ferrari,2001-09-03,Perugia,luca.ferrari448@example.com,2025
100449,Simone,De Luca,1996-05-14,Catania,simone.de luca449@example.com,2021
100450,Sofia,Marino,2005-09-06,Catania,sofia.marino450@example.com,2022
100451,Matteo,Greco,2000-05-16,Treviso,matteo.greco451@example.com,2021
100452,Francesca,Mancini,2000-07-10,Trento,francesca.mancini452@example.com,2021
100453,Martina,Greco,1999-12-21,Trento,martina.greco453@example.com,2025
100454,Valentina,Ricci,2003-02-05,Roma,valentina.ricci454@example.com,2021
100455,Alessio,Gallo,2005-07-26,Napoli,alessio.gallo455@example.com,2024
100456,Simone,Mancini,2006-10-05,Roma,simone.mancini456@example.com,2023
100457,Valentina,Ricci,2003-06-06,Catania,valentina.ricci457@example.com,2023
100458,Chiara,Giordano,2005-04-11,Catania,chiara.giordano458@example.com,2023
100459,Alessio,Conti,1997-10-07,Brescia,alessio.conti459@example.com,2025
100460,Francesca,Lombardi,1996-12-15,Milano,francesca.lombardi460@example.com,2024
100461,Chiara,Ferrari,2002-11-16,Treviso,chiara.ferrari461@example.com,2026
100462,Chiara,Marino,2000-11-05,Genova,chiara.marino462@example.com,2024
100463,Giulia,Costa,2005-08-19,Catania,giulia.costa463@example.com,2025
100464,Gabriele,Mancini,2004-01-26,Bari,gabriele.mancini464@example.com,2026
100465,Sofia,Fontana,2006-02-04,Torino,sofia.fontana465@example.com,2026
100466,Martina,Colombo,2006-10-02,Brescia,martina.colombo466@example.com,2026
100467,Alessio,Gallo,2002-02-01,Venezia,alessio.gallo467@example.com,2023
100468,Elena,Rizzo,2007-09-18,Brescia,elena.rizzo468@example.com,2026
100469,Tommaso,Marino,2003-06-13,Trieste,tommaso.marino469@example.com,2026
100470,Tommaso,Rizzo,1998-06-01,Trento,tommaso.rizzo470@example.com,2021
100471,Chiara,Mancini,1997-02-27,Treviso,chiara.mancini471@example.com,2023
100472,Chiara,Gallo,2003-04-17,Trento,chiara.gallo472@example.com,2023
100473,Alice,Esposito,2003-12-23,Trieste,alice.esposito473@example.com,2023
100474,Giulia,Bruno,1996-12-04,Vicenza,giulia.bruno474@example.com,2023
100475,Sara,Colombo,2007-04-17,Bologna,sara.colombo475@example.com,2025
100476,Francesca,Gallo,2004-07-15,Torino,francesca.gallo476@example.com,2024
100477,Francesca,Colombo,2006-11-14,Catania,francesca.colombo477@example.com,2021
100478,Valentina,Ricci,2003-10-14,Catania,valentina.ricci478@example.com,2021
100479,Andrea,Ricci,2000-12-26,Verona,andrea.ricci479@example.com,2025
100480,Sara,Lombardi,1998-06-11,Milano,sara.lombardi480@example.com,2024
100481,Sara,Greco,2006-08-17,Napoli,sara.greco481@example.com,2025
100482,Alessio,Fontana,2002-10-04,Bari,alessio.fontana482@example.com,2023
100483,Riccardo,Fontana,1998-11-23,Roma,riccardo.fontana483@example.com,2025
100484,Tommaso,Ferrari,2006-03-11,Venezia,tommaso.ferrari484@example.com,2022
100485,Chiara,Esposito,1998-06-23,Treviso,chiara.esposito485@example.com,2025
100486,Alessio,Mancini,2005-03-19,Catania,alessio.mancini486@example.com,2024
100487,Francesca,Giordano,2006-09-23,Bologna,francesca.giordano487@example.com,2025
100488,Francesca,Giordano,2000-03-06,Napoli,francesca.giordano488@example.com,2024
100489,Valentina,Bianchi,2001-01-16,Treviso,valentina.bianchi489@example.com,2022
100490,Alessio,Lombardi,2004-11-16,Genova,alessio.lombardi490@example.com,2026
100491,Alice,Mancini,2007-08-16,Bologna,alice.mancini491@example.com,2021
100492,Tommaso,Rossi,1999-05-02,Firenze,tommaso.rossi492@example.com,2022
100493,Sofia,Bruno,1998-08-19,Trento,sofia.bruno493@example.com,2025
100494,Gabriele,Esposito,2005-02-09,Parma,gabriele.esposito494@example.com,2023
100495,Sofia,Bianchi,2007-08-18,Milano,sofia.bianchi495@example.com,2024
100496,Sara,Marino,2000-01-15,Firenze,sara.marino496@example.com,2023
100497,Giulia,Costa,1997-04-07,Brescia,giulia.costa497@example.com,2026
100498,Martina,Fontana,2006-07-06,Perugia,martina.fontana498@example.com,2022
100499,Andrea,Ricci,1996-10-12,Parma,andrea.ricci499@example.com,2023
100500,Valentina,Lombardi,1998-06-23,Roma,valentina.lombardi500@example.com,2023
100501,Tommaso,Greco,2004-11-27,Venezia,tommaso.greco501@example.com,2022
100502,Federica,Bianchi,2000-11-05,Treviso,federica.bianchi502@example.com,2022
100503,Matteo,Gallo,1999-11-13,Trento,matteo.gallo503@example.com,2022
100504,Tommaso,Greco,2006-07-13,Trieste,tommaso.greco504@example.com,2021
100505,Giulia,De Luca,2004-12-09,Bari,giulia.de luca505@example.com,2024
100506,Alice,Gallo,2005-01-28,Verona,alice.gallo506@example.com,2026
100507,Riccardo,Conti,1997-09-13,Milano,riccardo.conti507@example.com,2024
100508,Andrea,Giordano,2000-06-27,Roma,andrea.giordano508@example.com,2023
100509,Sofia,Barbieri,1998-10-28,Trento,sofia.barbieri509@example.com,2023
100510,Marco,Bianchi,1997-11-26,Trieste,marco.bianchi510@example.com,2021
100511,Sara,Colombo,2003-08-01,Genova,sara.colombo511@example.com,2022
100512,Matteo,Bruno,1998-05-03,Bari,matteo.bruno512@example.com,2023
100513,Giulia,Conti,2006-11-06,Padova,giulia.conti513@example.com,2024
100514,Chiara,Marino,2002-11-03,Venezia,chiara.marino514@example.com,2021
100515,Andrea,Giordano,1997-03-19,Torino,andrea.giordano515@example.com,2025
100516,Riccardo,Rossi,1996-12-11,Venezia,riccardo.rossi516@example.com,2024
100517,Matteo,Giordano,1997-04-13,Verona,matteo.giordano517@example.com,2026
100518,Sara,Esposito,2001-06-10,Treviso,sara.esposito518@example.com,2024
100519,Matteo,Romano,1997-09-19,Vicenza,matteo.romano519@example.com,2025
100520,Francesca,Costa,2001-12-07,Treviso,francesca.costa520@example.com,2024
100521,Valentina,Costa,1999-02-04,Treviso,valentina.costa521@example.com,2021
100522,Tommaso,De Luca,2001-07-11,Treviso,tommaso.de luca522@example.com,2022
100523,Davide,Ferrari,1999-09-20,Perugia,davide.ferrari523@example.com,2026
100524,Valentina,Bruno,2007-01-28,Roma,valentina.bruno524@example.com,2022
100525,Gabriele,Fontana,2004-04-24,Catania,gabriele.fontana525@example.com,2023
100526,Marco,Marino,2003-07-04,Torino,marco.marino526@example.com,2024
100527,Valentina,Ferrari,2004-01-12,Napoli,valentina.ferrari527@example.com,2022
100528,Alessio,Barbieri,2002-06-18,Bologna,alessio.barbieri528@example.com,2024
100529,Giulia,Rossi,2005-02-01,Firenze,giulia.rossi529@example.com,2022
100530,Marco,Bianchi,2002-09-10,Pisa,marco.bianchi530@example.com,2024
100531,Federica,De Luca,1997-11-18,Parma,federica.de luca531@example.com,2025
100532,Matteo,Greco,1997-05-03,Pisa,matteo.greco532@example.com,2022
100533,Matteo,Lombardi,2001-07-19,Verona,matteo.lombardi533@example.com,2023
100534,Federica,Marino,1996-04-03,Genova,federica.marino534@example.com,2021
100535,Riccardo,Fontana,2005-01-10,Bologna,riccardo.fontana535@example.com,2021
100536,Luca,Romano,2007-01-06,Trento,luca.romano536@example.com,2023
100537,Gabriele,Rizzo,2007-05-06,Bari,gabriele.rizzo537@example.com,2022
100538,Davide,Esposito,1996-06-26,Genova,davide.esposito538@example.com,2023
100539,Gabriele,Ferrari,2000-12-19,Verona,gabriele.ferrari539@example.com,2024
100540,Riccardo,Rizzo,2001-01-16,Brescia,riccardo.rizzo540@example.com,2022
100541,Martina,Colombo,2000-02-19,Venezia,martina.colombo541@example.com,2022
100542,Gabriele,Rossi,1996-01-08,Padova,gabriele.rossi542@example.com,2024
100543,Martina,De Luca,1998-03-28,Padova,martina.de luca543@example.com,2025
100544,Federica,Marino,2001-04-14,Napoli,federica.marino544@example.com,2023
100545,Giulia,Barbieri,2001-02-17,Padova,giulia.barbieri545@example.com,2022
100546,Elena,Rizzo,1996-07-03,Trieste,elena.rizzo546@example.com,2023
100547,Chiara,Gallo,1997-09-15,Vicenza,chiara.gallo547@example.com,2023
100548,Andrea,Bruno,2005-05-24,Perugia,andrea.bruno548@example.com,2022
100549,Riccardo,Conti,2005-08-25,Milano,riccardo.conti549@example.com,2026
100550,Sofia,Marino,1998-01-14,Vicenza,sofia.marino550@example.com,2022
100551,Sofia,Conti,2006-12-01,Napoli,sofia.conti551@example.com,2021
100552,Alessio,Bruno,1997-04-17,Torino,alessio.bruno552@example.com,2024
100553,Alice,Bianchi,1998-12-09,Verona,alice.bianchi553@example.com,2021
100554,Elena,Rizzo,2002-12-12,Trieste,elena.rizzo554@example.com,2026
100555,Giulia,Barbieri,1997-09-05,Catania,giulia.barbieri555@example.com,2021
100556,Tommaso,Barbieri,1996-07-22,Treviso,tommaso.barbieri556@example.com,2022
100557,Chiara,Greco,2001-07-23,Napoli,chiara.greco557@example.com,2023
100558,Riccardo,Greco,1999-02-07,Treviso,riccardo.greco558@example.com,2025
100559,Sara,Romano,1997-03-15,Trieste,sara.romano559@example.com,2023
100560,Federica,Esposito,2004-06-25,Milano,federica.esposito560@example.com,2024
100561,Chiara,Costa,2000-02-03,Bologna,chiara.costa561@example.com,2026
100562,Chiara,Fontana,1996-04-27,Napoli,chiara.fontana562@example.com,2022
100563,Giulia,Marino,2001-07-17,Padova,giulia.marino563@example.com,2026
100564,Chiara,Greco,1998-01-13,Trieste,chiara.greco564@example.com,2025
100565,Sofia,Marino,1997-08-04,Treviso,sofia.marino565@example.com,2021
100566,Luca,Bianchi,1999-03-07,Catania,luca.bianchi566@example.com,2023
100567,Giulia,Barbieri,2005-05-27,Verona,giulia.barbieri567@example.com,2021
100568,Giulia,Ricci,2006-08-26,Treviso,giulia.ricci568@example.com,2021
100569,Simone,Esposito,1996-08-02,Bologna,simone.esposito569@example.com,2025
100570,Federica,De Luca,2003-01-13,Genova,federica.de luca570@example.com,2022
100571,Martina,Ricci,1998-05-09,Trieste,martina.ricci571@example.com,2022
100572,Marco,Fontana,2005-10-08,Roma,marco.fontana572@example.com,2024
100573,Federica,Lombardi,2003-01-03,Firenze,federica.lombardi573@example.com,2024
100574,Matteo,Mancini,1999-11-26,Pisa,matteo.mancini574@example.com,2022
100575,Sofia,Rossi,2002-12-12,Trento,sofia.rossi575@example.com,2025
100576,Alice,Conti,2005-09-11,Catania,alice.conti576@example.com,2023
100577,Francesca,Rossi,2001-10-08,Vicenza,francesca.rossi577@example.com,2023
100578,Marco,Giordano,2004-06-25,Brescia,marco.giordano578@example.com,2022
100579,Francesca,Esposito,1999-11-08,Firenze,francesca.esposito579@example.com,2025
100580,Marco,Marino,2005-07-12,Bologna,marco.marino580@example.com,2022
100581,Elena,Barbieri,2001-12-23,Bari,elena.barbieri581@example.com,2025
100582,Luca,Conti,2005-10-05,Brescia,luca.conti582@example.com,2022
100583,Alice,Lombardi,2000-03-16,Padova,alice.lombardi583@example.com,2021
100584,Marco,Marino,2005-04-01,Pisa,marco.marino584@example.com,2024
100585,Luca,Gallo,2005-04-26,Treviso,luca.gallo585@example.com,2023
100586,Francesca,Gallo,1996-01-05,Brescia,francesca.gallo586@example.com,2026
100587,Matteo,Esposito,2004-06-03,Bari,matteo.esposito587@example.com,2026
100588,Alessio,Barbieri,1997-06-10,Napoli,alessio.barbieri588@example.com,2022
100589,Francesca,Mancini,2006-08-21,Napoli,francesca.mancini589@example.com,2022
100590,Sofia,Fontana,2001-04-22,Brescia,sofia.fontana590@example.com,2022
100591,Alessio,Bruno,2007-12-10,Treviso,alessio.bruno591@example.com,2022
100592,Luca,Barbieri,2002-10-02,Bologna,luca.barbieri592@example.com,2025
100593,Simone,Fontana,1999-11-19,Venezia,simone.fontana593@example.com,2024
100594,Matteo,Gallo,2007-02-08,Bari,matteo.gallo594@example.com,2023
100595,Francesca,Ferrari,2007-11-21,Napoli,francesca.ferrari595@example.com,2024
100596,Luca,Greco,1999-04-23,Verona,luca.greco596@example.com,2023
100597,Davide,Esposito,2007-01-02,Catania,davide.esposito597@example.com,2024
100598,Federica,Colombo,2002-08-13,Bari,federica.colombo598@example.com,2025
100599,Alessio,Esposito,2003-10-21,Torino,alessio.esposito599@example.com,2022
100600,Riccardo,Ferrari,1996-05-01,Napoli,riccardo.ferrari600@example.com,2023
100601,Sara,Ferrari,2001-03-13,Bologna,sara.ferrari601@example.com,2026
100602,Giulia,Lombardi,1997-06-20,Perugia,giulia.lombardi602@example.com,2024
100603,Luca,Mancini,2006-03-20,Genova,luca.mancini603@example.com,2022
100604,Marco,Esposito,2001-04-07,Genova,marco.esposito604@example.com,2026
100605,Sofia,Lombardi,2000-11-10,Roma,sofia.lombardi605@example.com,2022
100606,Sara,Bianchi,2002-10-18,Trento,sara.bianchi606@example.com,2022
100607,Marco,Conti,1996-07-03,Roma,marco.conti607@example.com,2026
100608,Valentina,Giordano,1999-02-01,Milano,valentina.giordano608@example.com,2022
100609,Chiara,Ferrari,2003-02-10,Catania,chiara.ferrari609@example.com,2024
100610,Alice,Greco,1997-11-18,Catania,alice.greco610@example.com,2022
100611,Martina,De Luca,2001-03-15,Padova,martina.de luca611@example.com,2023
100612,Riccardo,Costa,2000-04-27,Firenze,riccardo.costa612@example.com,2025
100613,Marco,Romano,2007-11-04,Verona,marco.romano613@example.com,2026
100614,Martina,Lombardi,2002-10-08,Parma,martina.lombardi614@example.com,2021
100615,Alessio,Rizzo,2002-09-22,Trento,alessio.rizzo615@example.com,2025
100616,Elena,Giordano,2000-02-13,Padova,elena.giordano616@example.com,2025
100617,Tommaso,Rizzo,2005-11-20,Treviso,tommaso.rizzo617@example.com,2021
100618,Riccardo,Colombo,1998-04-26,Milano,riccardo.colombo618@example.com,2022
100619,Marco,Mancini,1997-11-14,Milano,marco.mancini619@example.com,2026
100620,Matteo,Fontana,2000-06-24,Verona,matteo.fontana620@example.com,2021
100621,Alessio,Lombardi,2002-09-11,Firenze,alessio.lombardi621@example.com,2025
100622,Riccardo,Rossi,2007-10-19,Pisa,riccardo.rossi622@example.com,2024
100623,Sara,Mancini,1998-03-19,Brescia,sara.mancini623@example.com,2025
100624,Sara,Esposito,2005-02-26,Roma,sara.esposito624@example.com,2025
100625,Martina,Mancini,2000-07-21,Trento,martina.mancini625@example.com,2025
100626,Valentina,Giordano,1996-03-09,Catania,valentina.giordano626@example.com,2022
100627,Valentina,Fontana,2006-12-13,Padova,valentina.fontana627@example.com,2024
100628,Simone,Marino,1996-12-16,Firenze,simone.marino628@example.com,2023
100629,Luca,Gallo,2000-05-09,Trento,luca.gallo629@example.com,2026
100630,Sara,Marino,1998-05-24,Trieste,sara.marino630@example.com,2023
100631,Davide,Mancini,2005-11-03,Milano,davide.mancini631@example.com,2024
100632,Andrea,Mancini,2007-08-25,Pisa,andrea.mancini632@example.com,2023
100633,Marco,Rizzo,1998-02-10,Pisa,marco.rizzo633@example.com,2024
100634,Matteo,Rizzo,2005-01-06,Milano,matteo.rizzo634@example.com,2022
100635,Marco,Marino,1996-08-02,Bari,marco.marino635@example.com,2026
100636,Andrea,Greco,2001-08-17,Catania,andrea.greco636@example.com,2026
100637,Sara,Rossi,1999-06-16,Perugia,sara.rossi637@example.com,2024
100638,Francesca,Giordano,2005-09-12,Bari,francesca.giordano638@example.com,2022
100639,Davide,Ferrari,2000-01-13,Padova,davide.ferrari639@example.com,2022
100640,Tommaso,Ricci,1999-11-08,Milano,tommaso.ricci640@example.com,2023
100641,Federica,Rizzo,1996-11-01,Trento,federica.rizzo641@example.com,2022
100642,Francesca,Fontana,1996-04-09,Perugia,francesca.fontana642@example.com,2023
100643,Davide,Mancini,2002-06-15,Firenze,davide.mancini643@example.com,2022
100644,Riccardo,Bruno,2006-09-27,Perugia,riccardo.bruno644@example.com,2024
100645,Tommaso,Esposito,1996-09-22,Bari,tommaso.esposito645@example.com,2025
100646,Valentina,Fontana,2000-05-22,Venezia,valentina.fontana646@example.com,2024
100647,Giulia,Gallo,2000-11-11,Firenze,giulia.gallo647@example.com,2023
100648,Chiara,Ricci,1998-09-25,Torino,chiara.ricci648@example.com,2021
100649,Valentina,De Luca,2006-06-22,Treviso,valentina.de luca649@example.com,2026
100650,Luca,Giordano,2000-05-14,Catania,luca.giordano650@example.com,2024
100651,Marco,Barbieri,2007-10-27,Milano,marco.barbieri651@example.com,2023
100652,Elena,Lombardi,2006-08-22,Bari,elena.lombardi652@example.com,2025
100653,Chiara,Colombo,2006-09-06,Roma,chiara.colombo653@example.com,2021
100654,Alice,Romano,2007-05-24,Parma,alice.romano654@example.com,2022
100655,Simone,Ferrari,1999-06-08,Roma,simone.ferrari655@example.com,2024
100656,Simone,Conti,2000-10-10,Trieste,simone.conti656@example.com,2021
100657,Alice,Bianchi,2006-10-19,Perugia,alice.bianchi657@example.com,2021
100658,Alice,Ricci,2004-02-28,Catania,alice.ricci658@example.com,2025
100659,Chiara,Mancini,1996-03-05,Milano,chiara.mancini659@example.com,2023
100660,Federica,Barbieri,2003-03-11,Bologna,federica.barbieri660@example.com,2021
100661,Alice,Gallo,2006-03-11,Padova,alice.gallo661@example.com,2021
100662,Riccardo,Greco,1999-03-19,Bologna,riccardo.greco662@example.com,2024
100663,Giulia,Romano,2005-07-21,Genova,giulia.romano663@example.com,2024
100664,Federica,Giordano,2002-01-02,Parma,federica.giordano664@example.com,2022
100665,Martina,Rossi,2001-09-07,Vicenza,martina.rossi665@example.com,2026
100666,Luca,Marino,1999-12-12,Roma,luca.marino666@example.com,2022
100667,Sara,De Luca,2004-10-10,Bologna,sara.de luca667@example.com,2021
100668,Marco,Bruno,2000-08-24,Pisa,marco.bruno668@example.com,2025
100669,Gabriele,Gallo,2002-11-05,Napoli,gabriele.gallo669@example.com,2024
100670,Martina,Ricci,1998-07-01,Torino,martina.ricci670@example.com,2022
100671,Matteo,Ricci,2007-01-19,Pisa,matteo.ricci671@example.com,2022
100672,Sara,Conti,2007-11-26,Padova,sara.conti672@example.com,2024
100673,Davide,Lombardi,2005-01-20,Padova,davide.lombardi673@example.com,2026
100674,Sara,Rossi,1996-12-04,Genova,sara.rossi674@example.com,2024
100675,Alessio,Esposito,2004-05-16,Treviso,alessio.esposito675@example.com,2022
100676,Luca,Bruno,2002-11-04,Pisa,luca.bruno676@example.com,2023
100677,Valentina,Fontana,2007-03-14,Venezia,valentina.fontana677@example.com,2025
100678,Valentina,Esposito,2000-02-26,Venezia,valentina.esposito678@example.com,2024
100679,Andrea,Fontana,1999-05-27,Pisa,andrea.fontana679@example.com,2022
100680,Martina,Mancini,2000-03-02,Parma,martina.mancini680@example.com,2024
100681,Andrea,Giordano,2001-04-01,Vicenza,andrea.giordano681@example.com,2026
100682,Giulia,Esposito,2005-11-16,Treviso,giulia.esposito682@example.com,2021
100683,Gabriele,Ferrari,2007-12-04,Firenze,gabriele.ferrari683@example.com,2026
100684,Elena,Costa,2000-05-15,Padova,elena.costa684@example.com,2021
100685,Francesca,Bianchi,2000-06-26,Napoli,francesca.bianchi685@example.com,2024
100686,Sara,Esposito,1996-01-28,Treviso,sara.esposito686@example.com,2026
100687,Francesca,Gallo,2001-08-20,Firenze,francesca.gallo687@example.com,2026
100688,Giulia,Conti,2001-03-04,Catania,giulia.conti688@example.com,2024
100689,Riccardo,Greco,2002-12-28,Trento,riccardo.greco689@example.com,2024
100690,Francesca,Esposito,1998-12-24,Padova,francesca.esposito690@example.com,2022
100691,Sara,Mancini,2005-08-26,Brescia,sara.mancini691@example.com,2026
100692,Riccardo,Colombo,2005-07-25,Bari,riccardo.colombo692@example.com,2025
100693,Luca,Romano,2003-08-04,Genova,luca.romano693@example.com,2024
100694,Marco,Ferrari,2000-11-11,Vicenza,marco.ferrari694@example.com,2026
100695,Gabriele,Barbieri,2007-10-08,Napoli,gabriele.barbieri695@example.com,2025
100696,Gabriele,Fontana,1997-07-22,Torino,gabriele.fontana696@example.com,2024
100697,Martina,De Luca,1998-09-20,Padova,martina.de luca697@example.com,2021
100698,Francesca,Rizzo,2003-08-28,Bologna,francesca.rizzo698@example.com,2021
100699,Alice,Gallo,1999-06-09,Padova,alice.gallo699@example.com,2025
100700,Elena,Lombardi,2006-07-13,Torino,elena.lombardi700@example.com,2021
100701,Riccardo,Costa,2005-08-03,Trento,riccardo.costa701@example.com,2024
100702,Simone,Esposito,2003-12-21,Vicenza,simone.esposito702@example.com,2021
100703,Alessio,Mancini,1996-09-18,Vicenza,alessio.mancini703@example.com,2021
100704,Valentina,Fontana,2006-05-17,Parma,valentina.fontana704@example.com,2022
100705,Riccardo,Gallo,2001-01-27,Torino,riccardo.gallo705@example.com,2024
100706,Simone,Lombardi,2005-10-16,Bari,simone.lombardi706@example.com,2026
100707,Riccardo,Esposito,1997-11-08,Vicenza,riccardo.esposito707@example.com,2023
100708,Martina,Bruno,2004-09-12,Venezia,martina.bruno708@example.com,2021
100709,Francesca,Giordano,1998-12-24,Genova,francesca.giordano709@example.com,2021
100710,Davide,Fontana,1999-04-04,Catania,davide.fontana710@example.com,2022
100711,Riccardo,Ricci,2007-06-04,Genova,riccardo.ricci711@example.com,2021
100712,Tommaso,Esposito,2003-08-22,Brescia,tommaso.esposito712@example.com,2025
100713,Matteo,Giordano,1996-09-24,Padova,matteo.giordano713@example.com,2025
100714,Federica,Barbieri,2003-09-25,Bologna,federica.barbieri714@example.com,2026
100715,Tommaso,Colombo,2007-03-04,Catania,tommaso.colombo715@example.com,2026
100716,Valentina,Fontana,2001-09-13,Genova,valentina.fontana716@example.com,2025
100717,Elena,Greco,2002-06-10,Trieste,elena.greco717@example.com,2022
100718,Matteo,Mancini,2005-12-24,Pisa,matteo.mancini718@example.com,2023
100719,Sofia,Gallo,2007-12-18,Milano,sofia.gallo719@example.com,2022
100720,Andrea,Fontana,2007-05-22,Bari,andrea.fontana720@example.com,2026
100721,Matteo,Colombo,2004-09-23,Napoli,matteo.colombo721@example.com,2026
100722,Sara,Conti,2004-08-19,Brescia,sara.conti722@example.com,2026
100723,Federica,Lombardi,2000-07-26,Vicenza,federica.lombardi723@example.com,2025
100724,Sara,Rossi,2002-03-02,Padova,sara.rossi724@example.com,2022
100725,Davide,Colombo,2000-11-09,Treviso,davide.colombo725@example.com,2021
100726,Chiara,Ricci,2004-01-12,Trieste,chiara.ricci726@example.com,2021
100727,Valentina,Lombardi,1999-12-21,Parma,valentina.lombardi727@example.com,2024
100728,Elena,Rizzo,2007-05-23,Padova,elena.rizzo728@example.com,2024
100729,Alessio,Mancini,2006-06-18,Padova,alessio.mancini729@example.com,2021
100730,Davide,Ricci,2005-08-27,Torino,davide.ricci730@example.com,2026
100731,Martina,Barbieri,2004-12-20,Milano,martina.barbieri731@example.com,2026
100732,Andrea,Bruno,2003-03-22,Verona,andrea.bruno732@example.com,2022
100733,Francesca,Rizzo,1997-07-02,Genova,francesca.rizzo733@example.com,2023
100734,Sofia,Greco,1998-03-19,Firenze,sofia.greco734@example.com,2021
100735,Simone,Costa,2007-03-02,Treviso,simone.costa735@example.com,2023
100736,Valentina,Bianchi,2006-10-27,Roma,valentina.bianchi736@example.com,2024
100737,Tommaso,Lombardi,2001-02-26,Napoli,tommaso.lombardi737@example.com,2025
100738,Elena,Colombo,2004-02-26,Pisa,elena.colombo738@example.com,2022
100739,Federica,Lombardi,2004-07-03,Bari,federica.lombardi739@example.com,2022
100740,Andrea,Gallo,2001-06-10,Milano,andrea.gallo740@example.com,2025
100741,Gabriele,Giordano,2004-11-01,Venezia,gabriele.giordano741@example.com,2026
100742,Martina,Costa,1999-11-20,Perugia,martina.costa742@example.com,2022
100743,Marco,Gallo,2002-02-13,Firenze,marco.gallo743@example.com,2025
100744,Chiara,Rossi,2004-06-17,Pisa,chiara.rossi744@example.com,2024
100745,Alice,Bianchi,2000-11-07,Napoli,alice.bianchi745@example.com,2025
100746,Giulia,Esposito,1998-09-18,Vicenza,giulia.esposito746@example.com,2026
100747,Giulia,Ricci,2006-11-25,Milano,giulia.ricci747@example.com,2026
100748,Federica,Esposito,1999-09-27,Genova,federica.esposito748@example.com,2026
100749,Giulia,Romano,1996-08-23,Napoli,giulia.romano749@example.com,2021
100750,Giulia,Ferrari,1996-03-26,Firenze,giulia.ferrari750@example.com,2025
100751,Giulia,Barbieri,1999-05-14,Catania,giulia.barbieri751@example.com,2024
100752,Alessio,Mancini,2001-01-13,Venezia,alessio.mancini752@example.com,2025
100753,Luca,Fontana,1997-12-19,Padova,luca.fontana753@example.com,2026
100754,Giulia,Conti,2004-02-10,Roma,giulia.conti754@example.com,2025
100755,Giulia,Bruno,2003-07-13,Vicenza,giulia.bruno755@example.com,2024
100756,Francesca,Lombardi,1999-03-24,Catania,francesca.lombardi756@example.com,2025
100757,Chiara,Romano,2000-11-26,Bari,chiara.romano757@example.com,2021
100758,Sofia,Lombardi,1998-02-02,Vicenza,sofia.lombardi758@example.com,2025
100759,Valentina,De Luca,2004-09-03,Roma,valentina.de luca759@example.com,2022
100760,Martina,Ricci,2002-11-28,Pisa,martina.ricci760@example.com,2022
100761,Francesca,Colombo,1999-10-27,Firenze,francesca.colombo761@example.com,2022
100762,Sara,Colombo,2006-10-28,Padova,sara.colombo762@example.com,2025
100763,Riccardo,Lombardi,1997-05-22,Verona,riccardo.lombardi763@example.com,2023
100764,Sara,Ricci,2007-10-16,Napoli,sara.ricci764@example.com,2023
100765,Matteo,Marino,1997-05-20,Verona,matteo.marino765@example.com,2022
100766,Simone,Giordano,2003-06-20,Roma,simone.giordano766@example.com,2026
100767,Tommaso,Romano,2005-10-12,Napoli,tommaso.romano767@example.com,2024
100768,Francesca,Rossi,2001-04-26,Torino,francesca.rossi768@example.com,2026
100769,Federica,Greco,2001-03-22,Napoli,federica.greco769@example.com,2024
100770,Riccardo,Costa,2001-05-16,Parma,riccardo.costa770@example.com,2021
100771,Francesca,Fontana,1997-05-28,Treviso,francesca.fontana771@example.com,2025
100772,Andrea,Greco,2007-11-03,Verona,andrea.greco772@example.com,2021
100773,Gabriele,Rossi,2005-10-13,Brescia,gabriele.rossi773@example.com,2022
100774,Marco,Lombardi,2000-09-18,Trento,marco.lombardi774@example.com,2026
100775,Matteo,Conti,2002-04-25,Brescia,matteo.conti775@example.com,2026
100776,Chiara,Romano,2003-09-17,Verona,chiara.romano776@example.com,2024
100777,Martina,Rizzo,1996-11-08,Perugia,martina.rizzo777@example.com,2026
100778,Francesca,Rizzo,1998-08-06,Bologna,francesca.rizzo778@example.com,2025
100779,Tommaso,Romano,2007-12-16,Bari,tommaso.romano779@example.com,2021
100780,Elena,Giordano,1999-02-09,Bari,elena.giordano780@example.com,2022
100781,Marco,Ricci,2004-06-13,Trento,marco.ricci781@example.com,2024
100782,Marco,Bianchi,2006-06-04,Pisa,marco.bianchi782@example.com,2026
100783,Davide,Greco,2005-09-19,Bologna,davide.greco783@example.com,2024
100784,Alessio,Conti,2005-11-27,Verona,alessio.conti784@example.com,2025
100785,Davide,De Luca,1999-09-13,Bari,davide.de luca785@example.com,2023
100786,Alice,Giordano,2005-01-17,Treviso,alice.giordano786@example.com,2024
100787,Francesca,Marino,1997-09-21,Firenze,francesca.marino787@example.com,2022
100788,Matteo,Colombo,1998-06-20,Venezia,matteo.colombo788@example.com,2026
100789,Elena,Mancini,2001-12-04,Trento,elena.mancini789@example.com,2026
100790,Alice,Giordano,1999-10-06,Genova,alice.giordano790@example.com,2021
100791,Elena,Bianchi,1998-10-19,Bologna,elena.bianchi791@example.com,2022
100792,Gabriele,Bianchi,2005-03-02,Bologna,gabriele.bianchi792@example.com,2023
100793,Francesca,Rizzo,2002-10-19,Vicenza,francesca.rizzo793@example.com,2026
100794,Chiara,Ferrari,1999-08-20,Trento,chiara.ferrari794@example.com,2024
100795,Francesca,Marino,2002-10-05,Brescia,francesca.marino795@example.com,2022
100796,Valentina,Rizzo,2000-03-24,Napoli,valentina.rizzo796@example.com,2024
100797,Valentina,Barbieri,1997-04-13,Catania,valentina.barbieri797@example.com,2022
100798,Sara,Rossi,1999-09-28,Pisa,sara.rossi798@example.com,2026
100799,Federica,Romano,2005-02-06,Trento,federica.romano799@example.com,2025
100800,Valentina,Bianchi,2004-09-25,Venezia,valentina.bianchi800@example.com,2021
100801,Alice,Romano,2005-09-27,Vicenza,alice.romano801@example.com,2026
100802,Federica,Rizzo,2002-06-28,Padova,federica.rizzo802@example.com,2026
100803,Gabriele,Mancini,1999-08-26,Catania,gabriele.mancini803@example.com,2023
100804,Tommaso,Barbieri,1997-07-05,Firenze,tommaso.barbieri804@example.com,2024
100805,Elena,Ferrari,2000-10-18,Genova,elena.ferrari805@example.com,2023
100806,Andrea,Rossi,2007-12-26,Vicenza,andrea.rossi806@example.com,2025
100807,Gabriele,Esposito,2004-01-13,Milano,gabriele.esposito807@example.com,2026
100808,Simone,Mancini,2001-02-05,Genova,simone.mancini808@example.com,2026
100809,Tommaso,Greco,2000-09-14,Brescia,tommaso.greco809@example.com,2023
100810,Valentina,Greco,2006-07-25,Milano,valentina.greco810@example.com,2024
100811,Sofia,Lombardi,2003-03-12,Parma,sofia.lombardi811@example.com,2025
100812,Alice,Greco,2000-10-12,Catania,alice.greco812@example.com,2026
100813,Matteo,Esposito,2007-04-15,Bologna,matteo.esposito813@example.com,2021
100814,Andrea,Rizzo,2002-06-26,Parma,andrea.rizzo814@example.com,2025
100815,Marco,Colombo,2002-11-01,Verona,marco.colombo815@example.com,2022
100816,Alice,Fontana,2002-02-03,Firenze,alice.fontana816@example.com,2022
100817,Martina,Ferrari,2005-01-24,Catania,martina.ferrari817@example.com,2024
100818,Valentina,Rizzo,2000-12-20,Padova,valentina.rizzo818@example.com,2022
100819,Alice,Costa,1996-04-28,Pisa,alice.costa819@example.com,2023
100820,Andrea,Bianchi,2005-09-17,Torino,andrea.bianchi820@example.com,2025
100821,Francesca,Bianchi,2001-04-21,Vicenza,francesca.bianchi821@example.com,2022
100822,Giulia,Greco,2002-06-22,Catania,giulia.greco822@example.com,2024
100823,Tommaso,Ricci,2004-01-24,Verona,tommaso.ricci823@example.com,2021
100824,Sofia,Bruno,2007-09-19,Bari,sofia.bruno824@example.com,2023
100825,Davide,Marino,2005-04-15,Catania,davide.marino825@example.com,2025
100826,Luca,Greco,1998-07-17,Venezia,luca.greco826@example.com,2025
100827,Giulia,Rizzo,2000-06-04,Pisa,giulia.rizzo827@example.com,2023
100828,Sofia,Barbieri,2000-12-15,Catania,sofia.barbieri828@example.com,2025
100829,Alice,Marino,2001-08-22,Trieste,alice.marino829@example.com,2025
100830,Luca,Giordano,1997-05-03,Catania,luca.giordano830@example.com,2026
100831,Elena,Marino,2001-07-12,Pisa,elena.marino831@example.com,2025
100832,Luca,Greco,1999-05-03,Catania,luca.greco832@example.com,2026
100833,Simone,Ferrari,2004-03-16,Napoli,simone.ferrari833@example.com,2023
100834,Andrea,Barbieri,2000-03-24,Milano,andrea.barbieri834@example.com,2024
100835,Andrea,Marino,2007-04-28,Firenze,andrea.marino835@example.com,2022
100836,Elena,Ricci,1999-10-12,Treviso,elena.ricci836@example.com,2021
100837,Sara,Ferrari,2006-11-16,Perugia,sara.ferrari837@example.com,2021
100838,Sofia,Bianchi,2003-06-20,Napoli,sofia.bianchi838@example.com,2024
100839,Tommaso,Greco,2003-03-25,Pisa,tommaso.greco839@example.com,2023
100840,Alessio,Marino,2005-03-02,Pisa,alessio.marino840@example.com,2024
100841,Alice,Lombardi,1996-09-12,Catania,alice.lombardi841@example.com,2026
100842,Francesca,Costa,1997-12-17,Trieste,francesca.costa842@example.com,2023
100843,Luca,Rossi,2006-04-13,Brescia,luca.rossi843@example.com,2021
100844,Simone,Conti,2005-05-06,Parma,simone.conti844@example.com,2023
100845,Elena,Greco,2003-10-11,Bari,elena.greco845@example.com,2022
100846,Alice,Mancini,1999-07-23,Bari,alice.mancini846@example.com,2023
100847,Alessio,Greco,2003-03-19,Treviso,alessio.greco847@example.com,2025
100848,Elena,Esposito,2007-05-26,Torino,elena.esposito848@example.com,2025
100849,Federica,De Luca,1999-03-26,Treviso,federica.de luca849@example.com,2024
100850,Luca,Colombo,2002-08-05,Pisa,luca.colombo850@example.com,2025
100851,Simone,Giordano,2000-05-18,Brescia,simone.giordano851@example.com,2021
100852,Alessio,Esposito,2007-03-02,Milano,alessio.esposito852@example.com,2023
100853,Alice,Esposito,2003-12-11,Firenze,alice.esposito853@example.com,2023
100854,Martina,Lombardi,2004-05-12,Vicenza,martina.lombardi854@example.com,2024
100855,Sara,Conti,2006-10-07,Brescia,sara.conti855@example.com,2025
100856,Sofia,Colombo,2000-06-11,Pisa,sofia.colombo856@example.com,2024
100857,Riccardo,Ferrari,2002-10-10,Trieste,riccardo.ferrari857@example.com,2026
100858,Matteo,Colombo,2006-06-14,Perugia,matteo.colombo858@example.com,2025
100859,Alessio,Ferrari,1997-03-11,Torino,alessio.ferrari859@example.com,2023
100860,Simone,Bruno,2007-05-20,Catania,simone.bruno860@example.com,2023
100861,Riccardo,Conti,2007-10-17,Trieste,riccardo.conti861@example.com,2024
100862,Francesca,Colombo,1996-03-24,Torino,francesca.colombo862@example.com,2026
100863,Davide,Ferrari,1999-03-13,Venezia,davide.ferrari863@example.com,2021
100864,Giulia,Giordano,2004-01-01,Catania,giulia.giordano864@example.com,2025
100865,Giulia,Esposito,2000-10-05,Verona,giulia.esposito865@example.com,2026
100866,Alessio,Bruno,1999-04-24,Roma,alessio.bruno866@example.com,2024
100867,Matteo,Romano,2004-03-01,Padova,matteo.romano867@example.com,2026
100868,Martina,Gallo,2003-08-28,Parma,martina.gallo868@example.com,2023
100869,Sofia,Costa,1998-12-18,Bologna,sofia.costa869@example.com,2025
100870,Valentina,Costa,2006-12-21,Brescia,valentina.costa870@example.com,2024
100871,Gabriele,Lombardi,2000-06-16,Parma,gabriele.lombardi871@example.com,2022
100872,Giulia,Costa,2000-06-14,Firenze,giulia.costa872@example.com,2022
100873,Chiara,Rossi,1996-09-27,Treviso,chiara.rossi873@example.com,2023
100874,Chiara,Giordano,2004-01-23,Trento,chiara.giordano874@example.com,2024
100875,Chiara,Rossi,2002-05-20,Torino,chiara.rossi875@example.com,2021
100876,Sofia,Conti,1999-07-18,Genova,sofia.conti876@example.com,2024
100877,Elena,Colombo,2007-12-21,Catania,elena.colombo877@example.com,2024
100878,Elena,Greco,1997-07-21,Torino,elena.greco878@example.com,2025
100879,Valentina,Greco,2000-11-24,Parma,valentina.greco879@example.com,2023
100880,Federica,Ricci,1997-03-05,Roma,federica.ricci880@example.com,2021
100881,Riccardo,Fontana,2003-05-23,Perugia,riccardo.fontana881@example.com,2024
100882,Andrea,Gallo,1996-03-02,Parma,andrea.gallo882@example.com,2021
100883,Francesca,Esposito,2000-05-05,Trieste,francesca.esposito883@example.com,2026
100884,Luca,Marino,1997-03-01,Trento,luca.marino884@example.com,2022
100885,Simone,Mancini,2000-08-12,Trieste,simone.mancini885@example.com,2026
100886,Marco,Gallo,1997-03-02,Firenze,marco.gallo886@example.com,2024
100887,Giulia,Lombardi,2003-03-07,Firenze,giulia.lombardi887@example.com,2024
100888,Luca,Esposito,2007-04-13,Trieste,luca.esposito888@example.com,2022
100889,Marco,Ricci,2003-12-25,Venezia,marco.ricci889@example.com,2025
100890,Andrea,Giordano,2002-11-10,Napoli,andrea.giordano890@example.com,2022
100891,Marco,Lombardi,2004-02-09,Trento,marco.lombardi891@example.com,2026
100892,Chiara,Ricci,2001-01-28,Milano,chiara.ricci892@example.com,2021
100893,Elena,Mancini,2001-01-06,Firenze,elena.mancini893@example.com,2025
100894,Sara,De Luca,1999-01-02,Brescia,sara.de luca894@example.com,2026
100895,Alice,Fontana,1998-06-25,Verona,alice.fontana895@example.com,2022
100896,Francesca,Giordano,1997-11-20,Napoli,francesca.giordano896@example.com,2026
100897,Marco,Bianchi,2001-11-05,Parma,marco.bianchi897@example.com,2021
100898,Matteo,Giordano,1999-06-18,Bari,matteo.giordano898@example.com,2024
100899,Andrea,Rossi,2007-07-12,Treviso,andrea.rossi899@example.com,2023
100900,Marco,Giordano,2007-08-18,Roma,marco.giordano900@example.com,2025
100901,Alice,Ricci,2005-03-18,Bari,alice.ricci901@example.com,2023
100902,Riccardo,Greco,2005-09-06,Verona,riccardo.greco902@example.com,2025
100903,Matteo,Costa,2000-05-18,Bari,matteo.costa903@example.com,2024
100904,Luca,Rizzo,2002-12-06,Vicenza,luca.rizzo904@example.com,2025
100905,Martina,Fontana,1999-06-24,Verona,martina.fontana905@example.com,2026
100906,Sofia,De Luca,1999-09-22,Trento,sofia.de luca906@example.com,2025
100907,Matteo,Fontana,2000-06-14,Napoli,matteo.fontana907@example.com,2021
100908,Sara,Rizzo,2006-02-02,Treviso,sara.rizzo908@example.com,2022
100909,Marco,Ricci,1997-08-07,Venezia,marco.ricci909@example.com,2021
100910,Tommaso,De Luca,2006-08-17,Perugia,tommaso.de luca910@example.com,2026
100911,Tommaso,Greco,1996-06-08,Perugia,tommaso.greco911@example.com,2026
100912,Giulia,Rossi,1999-11-16,Verona,giulia.rossi912@example.com,2024
100913,Marco,Conti,2004-12-14,Bari,marco.conti913@example.com,2026
100914,Marco,Fontana,2000-09-02,Verona,marco.fontana914@example.com,2023
100915,Giulia,Ricci,2004-02-04,Torino,giulia.ricci915@example.com,2025
100916,Alessio,Ricci,1999-09-22,Torino,alessio.ricci916@example.com,2025
100917,Francesca,Lombardi,2007-09-14,Venezia,francesca.lombardi917@example.com,2026
100918,Tommaso,Conti,2006-08-23,Genova,tommaso.conti918@example.com,2021
100919,Francesca,Colombo,2004-07-17,Napoli,francesca.colombo919@example.com,2026
100920,Francesca,Lombardi,2005-08-12,Napoli,francesca.lombardi920@example.com,2025
100921,Simone,Conti,2002-11-14,Napoli,simone.conti921@example.com,2025
100922,Elena,Barbieri,2004-04-13,Parma,elena.barbieri922@example.com,2026
100923,Davide,Conti,2003-08-13,Vicenza,davide.conti923@example.com,2026
100924,Marco,Bruno,2005-01-17,Treviso,marco.bruno924@example.com,2023
100925,Luca,Bruno,1999-04-28,Napoli,luca.bruno925@example.com,2021
100926,Davide,Lombardi,2004-09-19,Brescia,davide.lombardi926@example.com,2022
100927,Sara,Bianchi,2003-06-05,Treviso,sara.bianchi927@example.com,2023
100928,Martina,Barbieri,1999-04-09,Roma,martina.barbieri928@example.com,2021
100929,Tommaso,De Luca,2005-04-24,Verona,tommaso.de luca929@example.com,2026
100930,Simone,Giordano,1998-08-27,Brescia,simone.giordano930@example.com,2021
100931,Valentina,Bruno,1996-12-26,Brescia,valentina.bruno931@example.com,2024
100932,Giulia,Bianchi,2001-06-27,Genova,giulia.bianchi932@example.com,2024
100933,Sara,Marino,2007-11-28,Perugia,sara.marino933@example.com,2021
100934,Alessio,Bianchi,2000-09-02,Napoli,alessio.bianchi934@example.com,2025
100935,Tommaso,Romano,2001-09-23,Torino,tommaso.romano935@example.com,2022
100936,Marco,De Luca,2003-10-19,Pisa,marco.de luca936@example.com,2021
100937,Elena,Mancini,2000-07-05,Treviso,elena.mancini937@example.com,2023
100938,Giulia,Giordano,2005-12-02,Parma,giulia.giordano938@example.com,2024
100939,Davide,Ferrari,2002-09-14,Treviso,davide.ferrari939@example.com,2022
100940,Alice,Lombardi,1999-08-13,Brescia,alice.lombardi940@example.com,2022
100941,Sofia,Fontana,2007-09-08,Torino,sofia.fontana941@example.com,2021
100942,Davide,Mancini,2001-11-19,Verona,davide.mancini942@example.com,2021
100943,Federica,Mancini,2001-06-07,Napoli,federica.mancini943@example.com,2023
100944,Valentina,Rossi,2000-03-12,Perugia,valentina.rossi944@example.com,2024
100945,Valentina,Romano,2003-01-27,Torino,valentina.romano945@example.com,2022
100946,Martina,Romano,2007-02-04,Padova,martina.romano946@example.com,2022
100947,Valentina,Romano,2000-01-11,Venezia,valentina.romano947@example.com,2023
100948,Riccardo,Giordano,1996-06-07,Parma,riccardo.giordano948@example.com,2022
100949,Andrea,Lombardi,2004-05-18,Trento,andrea.lombardi949@example.com,2025
100950,Matteo,Rossi,2002-10-22,Pisa,matteo.rossi950@example.com,2021
100951,Davide,Colombo,1996-05-07,Perugia,davide.colombo951@example.com,2023
100952,Marco,Costa,2006-01-03,Catania,marco.costa952@example.com,2026
100953,Davide,Conti,1997-01-10,Catania,davide.conti953@example.com,2022
100954,Alessio,Rizzo,2007-02-11,Trento,alessio.rizzo954@example.com,2025
100955,Sofia,Ferrari,1998-04-17,Trieste,sofia.ferrari955@example.com,2025
100956,Luca,Bianchi,1999-09-10,Napoli,luca.bianchi956@example.com,2024
100957,Alessio,Colombo,1996-06-22,Bari,alessio.colombo957@example.com,2023
100958,Chiara,Marino,2004-05-26,Padova,chiara.marino958@example.com,2026
100959,Davide,De Luca,1996-09-09,Torino,davide.de luca959@example.com,2022
100960,Simone,De Luca,2006-03-03,Catania,simone.de luca960@example.com,2025
100961,Valentina,Marino,2002-04-19,Treviso,valentina.marino961@example.com,2024
100962,Chiara,Fontana,2001-08-18,Treviso,chiara.fontana962@example.com,2022
100963,Matteo,Barbieri,2004-11-26,Milano,matteo.barbieri963@example.com,2022
100964,Chiara,Rizzo,1998-07-25,Treviso,chiara.rizzo964@example.com,2026
100965,Tommaso,Colombo,2001-02-18,Parma,tommaso.colombo965@example.com,2026
100966,Sara,Colombo,2001-03-24,Vicenza,sara.colombo966@example.com,2023
100967,Federica,Mancini,2000-08-24,Firenze,federica.mancini967@example.com,2022
100968,Andrea,Esposito,1998-03-01,Perugia,andrea.esposito968@example.com,2025
100969,Davide,Fontana,2005-10-08,Perugia,davide.fontana969@example.com,2022
100970,Elena,Rossi,2001-02-23,Trento,elena.rossi970@example.com,2022
100971,Gabriele,Fontana,2003-12-21,Bari,gabriele.fontana971@example.com,2022
100972,Alessio,Giordano,2003-03-06,Milano,alessio.giordano972@example.com,2022
100973,Marco,Mancini,1996-05-14,Torino,marco.mancini973@example.com,2026
100974,Andrea,Ricci,1997-03-15,Perugia,andrea.ricci974@example.com,2024
100975,Simone,Costa,1999-07-13,Padova,simone.costa975@example.com,2025
100976,Alessio,Gallo,2002-10-24,Brescia,alessio.gallo976@example.com,2025
100977,Sofia,Rizzo,2006-12-26,Padova,sofia.rizzo977@example.com,2025
100978,Sara,Costa,2003-01-08,Pisa,sara.costa978@example.com,2025
100979,Alessio,Bianchi,2004-07-17,Padova,alessio.bianchi979@example.com,2022
100980,Chiara,Costa,2002-05-25,Roma,chiara.costa980@example.com,2024
100981,Francesca,Mancini,2000-10-02,Pisa,francesca.mancini981@example.com,2022
100982,Riccardo,Costa,1997-12-17,Venezia,riccardo.costa982@example.com,2022
100983,Tommaso,Lombardi,1998-07-14,Napoli,tommaso.lombardi983@example.com,2024
100984,Luca,Colombo,2003-10-23,Milano,luca.colombo984@example.com,2024
100985,Giulia,Greco,2001-12-21,Bologna,giulia.greco985@example.com,2026
100986,Sara,Ferrari,1997-12-15,Bari,sara.ferrari986@example.com,2021
100987,Gabriele,De Luca,2007-09-20,Bologna,gabriele.de luca987@example.com,2024
100988,Sofia,De Luca,1996-03-11,Brescia,sofia.de luca988@example.com,2026
100989,Matteo,Colombo,1998-03-25,Padova,matteo.colombo989@example.com,2024
100990,Chiara,Bruno,2007-08-10,Bologna,chiara.bruno990@example.com,2021
100991,Matteo,Ricci,1996-10-25,Firenze,matteo.ricci991@example.com,2021
100992,Riccardo,Giordano,2003-09-26,Vicenza,riccardo.giordano992@example.com,2025
100993,Alice,Marino,1999-10-22,Trento,alice.marino993@example.com,2024
100994,Federica,Costa,1997-10-20,Vicenza,federica.costa994@example.com,2022
100995,Sofia,Greco,2005-11-18,Milano,sofia.greco995@example.com,2021
100996,Francesca,Romano,1996-11-12,Padova,francesca.romano996@example.com,2022
100997,Marco,Barbieri,2005-05-11,Verona,marco.barbieri997@example.com,2021
100998,Sara,Mancini,1998-03-22,Roma,sara.mancini998@example.com,2025
100999,Valentina,Barbieri,2004-03-15,Brescia,valentina.barbieri999@example.com,2023
101000,Marco,Ferrari,2000-06-12,Catania,marco.ferrari1000@example.com,2021
